# {"t_start": 1576841474.158817, "env_id": "BreakoutNoFrameskip-v4"} 
r,l,t
3.0,1038,0.801666
0.0,576,1.177756
0.0,544,1.607503
0.0,565,2.055461
0.0,557,2.507775
3.0,990,3.410581
3.0,1071,25.777149
3.0,1078,61.470411
1.0,746,86.410757
1.0,650,109.675905
1.0,768,136.618891
5.0,1443,192.321458
1.0,761,217.946032
1.0,769,243.571468
0.0,546,263.957045
